id,info
558482813065,付尾款后9天内发货
558953551459,付尾款后9天内发货
558136998010,付尾款后9天内发货
558084381445,付尾款后9天内发货
536890575837,付尾款后9天内发货
558081741820,付尾款后9天内发货
558815440800,付尾款后9天内发货
558886102143,付尾款后9天内发货
559004413042,付尾款后9天内发货
558303903621,付尾款后9天内发货
557730653103,付尾款后9天内发货
557997039254,付尾款后9天内发货
557796860267,付尾款后9天内发货
555352363388,付尾款后9天内发货
555186576412,付尾款后9天内发货
536574147374,付尾款后9天内发货
536890032163,付尾款后9天内发货
536866678299,付尾款后9天内发货
537067795748,付尾款后9天内发货
537624783494,付尾款后9天内发货
537700606540,付尾款后9天内发货
537740141745,付尾款后9天内发货
555268177454,付尾款后9天内发货
555267701883,付尾款后9天内发货
555358343481,付尾款后9天内发货
559337075656,付尾款后9天内发货
537742426124,付尾款后9天内发货
557786176174,付尾款后9天内发货
558391360532,付尾款后9天内发货
558855822286,付尾款后9天内发货
557875117334,付尾款后9天内发货
559072202192,付尾款后9天内发货
555304354469,付尾款后9天内发货
537699398640,付尾款后9天内发货
535799311872,付尾款后9天内发货
535955705575,付尾款后9天内发货
557429730644,付尾款后9天内发货
535878490701,付尾款后9天内发货
537474106710,付尾款后9天内发货
536564562718,付尾款后9天内发货
524077512423,付尾款后9天内发货
536601954539,付尾款后9天内发货
537667971940,付尾款后9天内发货
538535908280,付尾款后9天内发货
558871577751,付尾款后9天内发货
559181421767,付尾款后9天内发货
558989963756,付尾款后9天内发货
558923846726,付尾款后9天内发货
558781984360,付尾款后9天内发货
559301839711,"Message: 
超时，未找到信息"
558923790710,付尾款后9天内发货
555796802914,付尾款后9天内发货
555676276714,付尾款后9天内发货
555185924748,付尾款后9天内发货
555186904846,付尾款后9天内发货
558707000508,付尾款后9天内发货
558800273349,付尾款后9天内发货
536976964391,付尾款后9天内发货
556498974997,付尾款后9天内发货
556497618209,付尾款后9天内发货
553838781657,付尾款后9天内发货
537624155459,付尾款后9天内发货
555183040452,付尾款后9天内发货
555299818582,付尾款后9天内发货
558139010126,付尾款后9天内发货
559024751738,付尾款后9天内发货
550999478486,付尾款后9天内发货
537021924887,付尾款后9天内发货
557989192760,付尾款后9天内发货
557992095705,付尾款后9天内发货
558079109671,付尾款后9天内发货
546396141911,付尾款后9天内发货
536244285367,付尾款后9天内发货
537779144571,付尾款后9天内发货
558082249185,付尾款后9天内发货
557799996522,付尾款后9天内发货
524002537421,付尾款后9天内发货
524998318491,付尾款后9天内发货
546417930735,付尾款后9天内发货
536280436535,付尾款后9天内发货
536909666402,付尾款后9天内发货
553481711540,付尾款后9天内发货
553331412926,付尾款后9天内发货
558990239456,付尾款后9天内发货
558781928535,付尾款后9天内发货
558781816559,付尾款后9天内发货
558871801376,付尾款后9天内发货
558871633747,信息为空白
558924090286,信息为空白
558871805350,信息为空白
558924102347,付尾款后9天内发货
558871881229,付尾款后9天内发货
558781956528,付尾款后9天内发货
558923786850,付尾款后9天内发货
558990447161,付尾款后9天内发货
558871849401,付尾款后9天内发货
558924122277,付尾款后9天内发货
558871897235,付尾款后9天内发货
559301755893,付尾款后9天内发货
559181529855,付尾款后9天内发货
559090176977,付尾款后9天内发货
559302459098,付尾款后9天内发货
559301635993,付尾款后9天内发货
542646801520,信息为空白
537795585715,信息为空白
542636520847,信息为空白
541876907886,信息为空白
537647700030,信息为空白
537822296332,信息为空白
537491659433,信息为空白
555767749419,信息为空白
555859359563,信息为空白
545206651780,信息为空白
537755926645,信息为空白
551077136538,信息为空白
558195647465,信息为空白
558222100408,信息为空白
558424623852,信息为空白
558199792236,信息为空白
558290453254,信息为空白
558310457531,信息为空白
558204760681,信息为空白
558222028887,信息为空白
558310553424,信息为空白
558425135331,信息为空白
558222672179,信息为空白
558409991075,信息为空白
558222220267,信息为空白
558425007210,信息为空白
558310017489,信息为空白
558310281556,信息为空白
558361418487,信息为空白
558222000684,信息为空白
558222672306,信息为空白
558424303761,信息为空白
559301627991,付尾款后9天内发货
559182073470,付尾款后9天内发货
559238534852,付尾款后9天内发货
559089940793,付尾款后9天内发货
559090520153,付尾款后9天内发货
559090048722,付尾款后9天内发货
559238790881,付尾款后9天内发货
559182177049,付尾款后9天内发货
559089896929,付尾款后9天内发货
559090464560,付尾款后9天内发货
559301855710,付尾款后9天内发货
559301867691,付尾款后9天内发货
558424835099,信息为空白
558205924941,信息为空白
558424327824,信息为空白
558222196662,信息为空白
558361718519,信息为空白
558361806682,信息为空白
558676351840,付尾款后9天内发货
558424571470,信息为空白
558222020147,付尾款后9天内发货
558222376448,付尾款后9天内发货
558676407154,付尾款后9天内发货
558361338466,付尾款后9天内发货
558222380491,付尾款后9天内发货
558221836545,付尾款后9天内发货
558424583246,付尾款后9天内发货
558361210547,付尾款后9天内发货
558425343064,付尾款后9天内发货
558559725523,付尾款后9天内发货
558676267334,付尾款后9天内发货
558676267337,付尾款后9天内发货
558221948311,付尾款后9天内发货
558222192170,付尾款后9天内发货
558310633288,付尾款后9天内发货
558204864310,付尾款后9天内发货
558361874108,付尾款后9天内发货
558408415086,"Message: 
超时，未找到信息"
558310701431,付尾款后9天内发货
558221652749,付尾款后9天内发货
558344518722,付尾款后9天内发货
558204916825,付尾款后9天内发货
558361694270,付尾款后9天内发货
551890806737,付尾款后9天内发货
558424775588,付尾款后9天内发货
555334542761,付尾款后9天内发货
558222216489,付尾款后9天内发货
555460422772,付尾款后9天内发货
536881692513,付尾款后9天内发货
545177209938,付尾款后9天内发货
544837631720,付尾款后9天内发货
548537582222,付尾款后9天内发货
558676383618,付尾款后9天内发货
558424435630,付尾款后9天内发货
555272925526,付尾款后9天内发货
555195340747,付尾款后9天内发货
555185104022,付尾款后9天内发货
555351943869,付尾款后9天内发货
555358931787,付尾款后9天内发货
555351287184,付尾款后9天内发货
555354851117,付尾款后9天内发货
555191572276,付尾款后9天内发货
558533006732,付尾款后9天内发货
558390748063,付尾款后9天内发货
558710768494,付尾款后9天内发货
558800881146,付尾款后9天内发货
558802965537,付尾款后9天内发货
558919603315,付尾款后9天内发货
558795721042,付尾款后9天内发货
558099644635,付尾款后9天内发货
558482433678,付尾款后9天内发货
558487413906,付尾款后9天内发货
544820606501,"Message: 
超时，未找到信息"
544799699591,付尾款后9天内发货
544814257257,付尾款后9天内发货
556405033534,付尾款后9天内发货
556502271102,付尾款后9天内发货
544522044675,付尾款后9天内发货
544571918945,付尾款后9天内发货
545981989998,付尾款后9天内发货
555386835524,"Message: 
超时，未找到信息"
551926875452,付尾款后9天内发货
553442024314,付尾款后9天内发货
558676219900,"Message: 
超时，未找到信息"
552739271548,付尾款后9天内发货
558310741760,"Message: 
超时，未找到信息"
558166611876,付尾款后9天内发货
558222232641,付尾款后9天内发货
551838129166,付尾款后9天内发货
536838235293,付尾款后9天内发货
537741682393,付尾款后9天内发货
537822160542,付尾款后9天内发货
544514198065,付尾款后9天内发货
556387352175,付尾款后9天内发货
537702638968,付尾款后9天内发货
544818030230,付尾款后9天内发货
537251224218,付尾款后9天内发货
555858731960,付尾款后9天内发货
558200740369,付尾款后9天内发货
559265397978,付尾款后9天内发货
559266089160,付尾款后9天内发货
559273225153,付尾款后9天内发货
559392131580,付尾款后9天内发货
558531774522,付尾款后9天内发货
558538662092,付尾款后9天内发货
558856390894,付尾款后9天内发货
558187601217,付尾款后9天内发货
558869128205,付尾款后9天内发货
559081007059,付尾款后9天内发货
558706356976,付尾款后9天内发货
537746382655,付尾款后9天内发货
537741421287,付尾款后9天内发货
537827468294,付尾款后9天内发货
559267969169,付尾款后9天内发货
533811635985,付尾款后9天内发货
534011594681,付尾款后9天内发货
555185336989,付尾款后9天内发货
558078421312,付尾款后9天内发货
559229368987,付尾款后9天内发货
559380062447,付尾款后9天内发货
559444179767,付尾款后9天内发货
559381022573,付尾款后9天内发货
559405879009,付尾款后9天内发货
559174184860,付尾款后9天内发货
559271897650,付尾款后9天内发货
559329462383,付尾款后9天内发货
559328786996,付尾款后9天内发货
559273661051,付尾款后9天内发货
559273437257,付尾款后9天内发货
559394127794,付尾款后9天内发货
559280937234,付尾款后9天内发货
559337874373,付尾款后9天内发货
559329514144,付尾款后9天内发货
559329274729,付尾款后9天内发货
559330818411,付尾款后9天内发货
559394135412,付尾款后9天内发货
559329194716,付尾款后9天内发货
559337754570,付尾款后9天内发货
559604787084,付尾款后9天内发货
559182064017,"Message: 
超时，未找到信息"
559393327993,付尾款后9天内发货
557180811051,付尾款后9天内发货
554487612926,付尾款后9天内发货
558154401476,付尾款后9天内发货
558154197900,付尾款后9天内发货
545597515386,付尾款后9天内发货
545380213941,付尾款后9天内发货
545398438971,付尾款后9天内发货
556508507705,付尾款后9天内发货
557715693360,付尾款后9天内发货
558206872949,付尾款后9天内发货
524004130384,付尾款后9天内发货
558953429286,付尾款后9天内发货
558960082284,付尾款后9天内发货
535796559536,付尾款后9天内发货
558135358797,付尾款后9天内发货
558087101444,付尾款后9天内发货
558198747614,付尾款后9天内发货
558688558361,付尾款后9天内发货
558310669977,付尾款后9天内发货
551874414281,付尾款后9天内发货
555308362058,付尾款后9天内发货
555264633803,付尾款后9天内发货
555350399887,付尾款后9天内发货
555271781504,付尾款后9天内发货
555269093900,付尾款后9天内发货
555184068326,付尾款后9天内发货
558559729588,付尾款后9天内发货
558730980901,付尾款后9天内发货
558938783289,付尾款后9天内发货
551874414040,付尾款后9天内发货
551838129052,付尾款后9天内发货
551926963143,付尾款后9天内发货
553544562356,付尾款后9天内发货
551799476813,付尾款后9天内发货
554598790099,付尾款后9天内发货
557077817127,"Message: 
超时，未找到信息"
558221408955,付尾款后9天内发货
557180423862,付尾款后9天内发货
558064988362,"Message: 
超时，未找到信息"
558559905831,付尾款后9天内发货
558286981520,付尾款后9天内发货
558405443287,付尾款后9天内发货
558202844365,付尾款后9天内发货
558342798326,付尾款后9天内发货
558406891605,付尾款后9天内发货
558292949058,付尾款后9天内发货
558407363599,付尾款后9天内发货
558407859293,付尾款后9天内发货
558344498156,付尾款后9天内发货
558295001440,付尾款后9天内发货
558207072756,付尾款后9天内发货
558665377657,付尾款后9天内发货
558665613092,付尾款后9天内发货
558576524582,付尾款后9天内发货
558782891948,付尾款后9天内发货
558783291104,付尾款后9天内发货
558783551030,付尾款后9天内发货
558719294205,付尾款后9天内发货
558664937358,付尾款后9天内发货
558718922046,付尾款后9天内发货
558611978646,付尾款后9天内发货
558471412809,"Message: 
超时，未找到信息"
558988668049,付尾款后9天内发货
559240746412,付尾款后9天内发货
559092016908,付尾款后9天内发货
559303639691,付尾款后9天内发货
559092160821,付尾款后9天内发货
559241438798,付尾款后9天内发货
559093348888,付尾款后9天内发货
559242086341,"Message: 
超时，未找到信息"
536006712722,付尾款后9天内发货
551927363160,付尾款后9天内发货
559792508102,付尾款后9天内发货
559791804976,付尾款后9天内发货
559943314290,付尾款后9天内发货
559793268519,付尾款后9天内发货
559889047136,付尾款后9天内发货
557121214888,付尾款后9天内发货
558471724021,付尾款后9天内发货
559181124456,付尾款后9天内发货
559394863028,付尾款后9天内发货
558717950868,付尾款后9天内发货
558664669142,付尾款后9天内发货
558872542694,付尾款后9天内发货
559819498588,付尾款后9天内发货
559134310015,付尾款后9天内发货
558665353465,付尾款后9天内发货
559480825334,付尾款后9天内发货
559603303885,付尾款后9天内发货
537062703133,付尾款后9天内发货
555195440141,付尾款后9天内发货
555310458834,付尾款后9天内发货
555264101956,付尾款后9天内发货
558754123147,付尾款后9天内发货
558676483532,付尾款后9天内发货
558104126787,付尾款后9天内发货
558820297988,付尾款后9天内发货
559094296883,付尾款后9天内发货
558782935049,付尾款后9天内发货
558664593962,付尾款后9天内发货
559307611085,付尾款后9天内发货
559093768952,付尾款后9天内发货
558782591658,"Message: 
超时，未找到信息"
558471584191,付尾款后9天内发货
558676163797,付尾款后9天内发货
558576372798,付尾款后9天内发货
558783059682,付尾款后9天内发货
559094820749,付尾款后9天内发货
558676651443,付尾款后9天内发货
555765478786,付尾款后9天内发货
558676299271,付尾款后9天内发货
558612066916,付尾款后9天内发货
555819431367,付尾款后9天内发货
559094532806,付尾款后9天内发货
558612526187,"Message: 
超时，未找到信息"
554925898348,付尾款后9天内发货
555645320587,付尾款后9天内发货
555819683135,付尾款后9天内发货
559095244831,付尾款后9天内发货
558310397328,付尾款后9天内发货
551891386978,付尾款后9天内发货
551891666278,付尾款后9天内发货
558783267171,付尾款后9天内发货
558471520153,付尾款后9天内发货
